{"cameraMode":{"drawMode":0,"name":"Shaded","section":"Shading Mode"},"sceneLighting":true,"audioPlay":false,"sceneViewState":{"m_AlwaysRefresh":false,"showFog":true,"showSkybox":true,"showFlares":true,"showImageEffects":true,"showParticleSystems":true,"showVisualEffectGraphs":true,"m_FxEnabled":true},"in2DMode":false,"pivot":{"x":-0.06583929061889649,"y":-1.4818530082702637,"z":0.13434791564941407},"rotation":{"x":0.032294705510139468,"y":-0.9343007802963257,"z":0.3440243899822235,"w":0.08771281689405441},"size":3.982529401779175,"orthographic":false}